{
    "A": [ 37.499997, 127.023768 ],
    "B": [ 37.500239, 127.024569 ],
    "C": [ 37.500394, 127.025124],
    "D": [ 37.500531, 127.025581 ],
    "E": [ 37.500683, 127.026081 ],
    "F": [ ],
    "G": [ ],
    "H": [ 37.499170, 127.025717 ],
    "I": [ ],
    "J": [ ]
}