{
	"Path found": [
		"194041",
		"107675",
		"256",
		"255",
		"254",
		"253",
		"262",
		"114849",
		"193725",
		"193726",
		"193727",
		"193728",
		"193729",
		"193730",
		"193731",
		"107129",
		"107076",
		"107075",
		"106939",
		"106907"
	],
	"Total distance": 557.8260000000001,
	"lati,longi": [
		[
			37.49991567325866,
			127.02474007614695
		],
		[
			37.49903414717098,
			127.02515158311873
		],
		[
			37.49906349829542,
			127.02529295644432
		],
		[
			37.49921645686644,
			127.02572169030847
		],
		[
			37.49927217157108,
			127.02593167084584
		],
		[
			37.49930400506903,
			127.02606665711428
		],
		[
			37.499495070673134,
			127.02657663136813
		],
		[
			37.49986018505463,
			127.02641759302645
		],
		[
			37.50067379568353,
			127.02604277925394
		],
		[
			37.500939463595834,
			127.02592304735641
		],
		[
			37.50108890408938,
			127.02584495266886
		],
		[
			37.50133797032153,
			127.02572000393853
		],
		[
			37.501537219587924,
			127.0256367156771
		],
		[
			37.501632698061194,
			127.02557423078689
		],
		[
			37.5017406239437,
			127.02553258918104
		],
		[
			37.501925694842576,
			127.02544143725505
		],
		[
			37.50205792651699,
			127.02536772431716
		],
		[
			37.502209740402726,
			127.02531860371012
		],
		[
			37.502410534900775,
			127.02521418079779
		],
		[
			37.50253296873408,
			127.0251589032658
		]
	]
}