{
	"Path found": [
		"71746",
		"71748",
		"134568",
		"74397",
		"104253"
	],
	"Total distance": 313.428,
	"lati,longi": [
		[
			37.50062542945281,
			127.03023304149295
		],
		[
			37.500066918183904,
			127.03048859294654
		],
		[
			37.499826849259094,
			127.02973807126835
		],
		[
			37.49972,
			127.02938
		],
		[
			37.49926,
			127.02788
		]
	]
}