{
	"Path found": [
		"138806",
		"19239",
		"214134",
		"94573",
		"113370",
		"94575",
		"94653",
		"113369",
		"112910",
		"113300",
		"113360",
		"139415",
		"113895"
	],
	"Total distance": 499.889,
	"lati,longi": [
		[
			37.484895974810776,
			126.98104694482207
		],
		[
			37.48474240720237,
			126.98104414964727
		],
		[
			37.4846442777636,
			126.98104344341051
		],
		[
			37.484429106904244,
			126.9810384471187
		],
		[
			37.48422313036957,
			126.98100116483502
		],
		[
			37.48395765463611,
			126.98098515579032
		],
		[
			37.48386900481577,
			126.98097980994498
		],
		[
			37.48389812228554,
			126.97961835118782
		],
		[
			37.48350174095525,
			126.97960424733512
		],
		[
			37.48281943269053,
			126.9795799701148
		],
		[
			37.48230907843213,
			126.97955183110933
		],
		[
			37.48179872098291,
			126.97950558162765
		],
		[
			37.48181457197041,
			126.97914535733901
		]
	]
}