{
	"Path found": [
		"104660",
		"104257",
		"130154",
		"130481",
		"130478",
		"130477",
		"134603",
		"71748",
		"134568",
		"71804"
	],
	"Total distance": 661.562,
	"lati,longi": [
		[
			37.498604424144,
			127.02761093784272
		],
		[
			37.498416601490376,
			127.02829163119527
		],
		[
			37.49886479127003,
			127.02978546534436
		],
		[
			37.499182121056656,
			127.03080054725926
		],
		[
			37.49922327977986,
			127.03093556915137
		],
		[
			37.49956000000001,
			127.03079000000001
		],
		[
			37.49981,
			127.03066
		],
		[
			37.500066918183904,
			127.03048859294654
		],
		[
			37.499826849259094,
			127.02973807126835
		],
		[
			37.50111317602257,
			127.02910088221206
		]
	]
}