{
	"Path found": [
		"214133",
		"214134",
		"94573",
		"113370",
		"113371",
		"112872",
		"113369",
		"112910",
		"113300",
		"113360",
		"139415",
		"113896"
	],
	"Total distance": 492.4560000000001,
	"lati,longi": [
		[
			37.4847700900264,
			126.98068155308503
		],
		[
			37.4846442777636,
			126.98104344341051
		],
		[
			37.484429106904244,
			126.9810384471187
		],
		[
			37.48422313036957,
			126.98100116483502
		],
		[
			37.484261235553035,
			126.9796312714429
		],
		[
			37.4839477006767,
			126.97962011527314
		],
		[
			37.48389812228554,
			126.97961835118782
		],
		[
			37.48350174095525,
			126.97960424733512
		],
		[
			37.48281943269053,
			126.9795799701148
		],
		[
			37.48230907843213,
			126.97955183110933
		],
		[
			37.48179872098291,
			126.97950558162765
		],
		[
			37.48189482012435,
			126.97938781227309
		]
	]
}