{
	"Path found": [
		"194041",
		"107675",
		"193996",
		"107676",
		"107714",
		"193994",
		"193995",
		"107673",
		"107672",
		"194038",
		"194037",
		"194029",
		"194030",
		"107290",
		"194018",
		"102591",
		"102592",
		"107178",
		"106859",
		"106860",
		"106861",
		"106907",
		"106906"
	],
	"Total distance": 1086.183,
	"lati,longi": [
		[
			37.49991567325866,
			127.02474007614695
		],
		[
			37.49903414717098,
			127.02515158311873
		],
		[
			37.49900968234159,
			127.02505938140466
		],
		[
			37.498872553907525,
			127.02513309025179
		],
		[
			37.49865724051409,
			127.02442005830677
		],
		[
			37.4983782670017,
			127.02368857178408
		],
		[
			37.49857905405004,
			127.02361488082714
		],
		[
			37.498628037618666,
			127.02354114182083
		],
		[
			37.49927449084337,
			127.02321559321373
		],
		[
			37.49980829567853,
			127.02298834539994
		],
		[
			37.49991358823846,
			127.02293920721507
		],
		[
			37.500912644563925,
			127.02246009443354
		],
		[
			37.50122117845712,
			127.02230038005534
		],
		[
			37.501539502426105,
			127.0221591065781
		],
		[
			37.5017990613311,
			127.02203010757107
		],
		[
			37.50221533395787,
			127.0218273954858
		],
		[
			37.50245024099545,
			127.0225896318477
		],
		[
			37.502699824017434,
			127.02340104984698
		],
		[
			37.502827152663805,
			127.02335191721203
		],
		[
			37.50243032572134,
			127.02424303819545
		],
		[
			37.50241064011849,
			127.02471631330673
		],
		[
			37.50253296873408,
			127.0251589032658
		],
		[
			37.5026847864391,
			127.0250913423211
		]
	]
}