{
	"Path found": [
		"104660",
		"104257",
		"104256",
		"104253",
		"74397",
		"134569",
		"134603",
		"130477"
	],
	"Total distance": 498.97200000000004,
	"lati,longi": [
		[
			37.498604424144,
			127.02761093784272
		],
		[
			37.498416601490376,
			127.02829163119527
		],
		[
			37.498760000000004,
			127.02812
		],
		[
			37.49926,
			127.02788
		],
		[
			37.49972,
			127.02938
		],
		[
			37.49945000000001,
			127.0295
		],
		[
			37.49981,
			127.03066
		],
		[
			37.49956000000001,
			127.03079000000001
		]
	]
}